<?xml version="1.0" encoding="UTF-8"?>
<Algorithms>
	<Algorithm type="Selector">
		<Name>mRMR-MIQ</Name>
		<Parameter type="Integer">
			<Name>Number of features</Name>
			<Default>8</Default>
		</Parameter>
		<Parameter type="Boolean">
			<Name>Discrete Flag</Name>
			<Default>1</Default>
		</Parameter>
		<Parameter type="Double">
			<Name>Discretize Threshold</Name>
			<Default>0</Default>
		</Parameter>
	</Algorithm>
	<Algorithm type="Selector">
		<Name>mRMR-MID</Name>
		<Parameter type="Integer">
			<Name>Number of features</Name>
			<Default>8</Default>
		</Parameter>
		<Parameter type="Boolean">
			<Name>Discrete Flag</Name>
			<Default>1</Default>
		</Parameter>
		<Parameter type="Double">
			<Name>Discretize Threshold</Name>
			<Default>0</Default>
		</Parameter>
	</Algorithm>
	<Algorithm type="Selector">
		<Name>Fisher</Name>
		<Parameter type="String">
			<Name>MULTICLASS COMPARISON METHOD</Name>
			<Domain>PAIRWISE,ONE VS OTHERS</Domain>
			<Default>PAIRWISE</Default>
		</Parameter>
		<Parameter type="Integer">
			<Name>NUMBER OF FEATURES</Name>
			<Default>5</Default>
		</Parameter>
	</Algorithm>
	<Algorithm type="2DExtractor">
		<Name>HAAR</Name>
		<Desc>HAAR wavelet transform</Desc>
		<Parameter type="Integer">
			<Name>Wavelet Level</Name>
			<Default>2</Default>
		</Parameter>
	</Algorithm>
	<Algorithm type="2DExtractor">
		<Name>2D Hu Moments</Name>
	</Algorithm>
	<Algorithm type="3DExtractor">
		<Name>Partial3D</Name>
		<Desc>Average HAAR of middle frame</Desc>
		<Parameter type="Integer">
			<Name>Wavelet Level</Name>
			<Default>2</Default>
		</Parameter>
	</Algorithm>
	<Algorithm type="Classifier">
		<Name>SVM</Name>
		<Desc>Support Vector Machine</Desc>
		<Parameter type="String">
			<Name>General Parameter</Name>
			<Default>-t 0</Default>
		</Parameter>
	</Algorithm>
	<Algorithm type="Classifier">
		<Name>W_Tree</Name>
	</Algorithm>
	<Algorithm type="Classifier">
		<Name>W_NaiveBayes</Name>
	</Algorithm>
	<Algorithm type="Classifier">
		<Name>W_RandomForest</Name>
	</Algorithm>
	<Algorithm type="Classifier">
		<Name>W_NearestNeighbor</Name>
		<Parameter type="Integer">
			<Name>K</Name>
			<Low>1</Low>
			<High>10</High>
			<Default>3</Default>
		</Parameter>
	</Algorithm>
</Algorithms>
